"Country Name","Country Code",Indicator Name,Indicator Code,1960,1961,1962,1963,1964,1965,1966,1967,1968,1969,1970,1971,1972,1973,1974,1975,1976,1977,1978,1979,1980,1981,1982,1983,1984,1985,1986,1987,1988,1989,1990,1991,1992,1993,1994,1995,1996,1997,1998,1999,2000,2001,2002,2003,2004,2005,2006,2007,2008,2009,2010,2011,2012,2013,2014,2015,2016,2017,2018,2019,2020,
"Aruba","ABW",Indice GINI,SI.POV.GINI,,,,,,,,,,,,,,,,,,,,,,,,,,,,,,,,,,,,,,,,,,,,,,,,,,,,,,,,,,,,,,
,"AFE",Indice GINI,SI.POV.GINI,,,,,,,,,,,,,,,,,,,,,,,,,,,,,,,,,,,,,,,,,,,,,,,,,,,,,,,,,,,,,,
"Afghanistan","AFG",Indice GINI,SI.POV.GINI,,,,,,,,,,,,,,,,,,,,,,,,,,,,,,,,,,,,,,,,,,,,,,,,,,,,,,,,,,,,,,
,"AFW",Indice GINI,SI.POV.GINI,,,,,,,,,,,,,,,,,,,,,,,,,,,,,,,,,,,,,,,,,,,,,,,,,,,,,,,,,,,,,,
"Angola","AGO",Indice GINI,SI.POV.GINI,,,,,,,,,,,,,,,,,,,,,,,,,,,,,,,,,,,,,,,,,52,,,,,,,,42.7,,,,,,,,,,51.3,,,
"Albanie","ALB",Indice GINI,SI.POV.GINI,,,,,,,,,,,,,,,,,,,,,,,,,,,,,,,,,,,,,27,,,,,,31.7,,,30.6,,,30,,,,29,,34.6,32.9,33.7,33.2,,,,
"Andorre","AND",Indice GINI,SI.POV.GINI,,,,,,,,,,,,,,,,,,,,,,,,,,,,,,,,,,,,,,,,,,,,,,,,,,,,,,,,,,,,,,
"Le monde arabe","ARB",Indice GINI,SI.POV.GINI,,,,,,,,,,,,,,,,,,,,,,,,,,,,,,,,,,,,,,,,,,,,,,,,,,,,,,,,,,,,,,
"Émirats arabes unis","ARE",Indice GINI,SI.POV.GINI,,,,,,,,,,,,,,,,,,,,,,,,,,,,,,,,,,,,,,,,,,,,,,,,,,,,,,32.5,,,,,26,,,
"Argentine","ARG",Indice GINI,SI.POV.GINI,,,,,,,,,,,,,,,,,,,,,40.8,,,,,,42.8,45.3,,,,46.8,45.5,44.9,45.9,48.9,49.5,49.1,50.7,49.8,51.1,53.3,53.8,50.9,48.4,47.7,46.3,46.2,44.9,43.7,43.6,42.6,41.3,40.9,41.6,,42,41.1,41.3,42.9,,
"Arménie","ARM",Indice GINI,SI.POV.GINI,,,,,,,,,,,,,,,,,,,,,,,,,,,,,,,,,,,,,,,,36.2,,35.4,34.8,33,37.5,36,29.7,31.2,29.2,28,30,29.4,29.6,30.6,31.5,32.4,32.5,33.6,34.4,29.9,,
"Samoa américaines","ASM",Indice GINI,SI.POV.GINI,,,,,,,,,,,,,,,,,,,,,,,,,,,,,,,,,,,,,,,,,,,,,,,,,,,,,,,,,,,,,,
"Antigua-et-Barbuda","ATG",Indice GINI,SI.POV.GINI,,,,,,,,,,,,,,,,,,,,,,,,,,,,,,,,,,,,,,,,,,,,,,,,,,,,,,,,,,,,,,
"Australie","AUS",Indice GINI,SI.POV.GINI,,,,,,,,,,,,,,,,,,,,,,31.3,,,,32.5,,,,33.2,,,,,,32.6,,,,,,33.5,,33.5,33.1,,,,35.4,,34.7,,,,34.4,,,,,,,
"Autriche","AUT",Indice GINI,SI.POV.GINI,,,,,,,,,,,,,,,,,,,,,,,,,,,,23,,,,,,,31.3,31.1,,30.2,,,28.8,,,29.5,29.8,28.7,29.6,30.6,30.4,31.5,30.3,30.8,30.5,30.8,30.5,30.5,30.8,29.7,30.8,,,
"Azerbaïdjan","AZE",Indice GINI,SI.POV.GINI,,,,,,,,,,,,,,,,,,,,,,,,,,,,,,,,,,,,34.7,,,,,,36.5,25.3,26.8,26.6,26.6,,,,,,,,,,,,,,,,
"Burundi","BDI",Indice GINI,SI.POV.GINI,,,,,,,,,,,,,,,,,,,,,,,,,,,,,,,,,33.3,,,,,,42.3,,,,,,,,33.4,,,,,,,38.6,,,,,,,,
"Belgique","BEL",Indice GINI,SI.POV.GINI,,,,,,,,,,,,,,,,,,,,,,,,,,25.2,,,25.7,,,,25,,,28.4,,26.8,,,33.1,,,28.1,30.5,29.3,28.1,29.2,28.4,28.6,28.4,28.1,27.5,27.7,28.1,27.7,27.6,27.4,27.2,,,
"Bénin","BEN",Indice GINI,SI.POV.GINI,,,,,,,,,,,,,,,,,,,,,,,,,,,,,,,,,,,,,,,,,,,,38.6,,,,,,,,43.4,,,,47.8,,,,,,
"Burkina Faso","BFA",Indice GINI,SI.POV.GINI,,,,,,,,,,,,,,,,,,,,,,,,,,,,,,,,,,,48.1,,,,49.9,,,,,43.3,,,,,,39.8,,,,,35.3,,,,,,,
"Bangladesh","BGD",Indice GINI,SI.POV.GINI,,,,,,,,,,,,,,,,,,,,,,,,25.9,,26.9,,,28.8,,,27.6,,,,32.9,,,,,33.4,,,,,33.2,,,,,32.1,,,,,,32.4,,,,,
"Bulgarie","BGR",Indice GINI,SI.POV.GINI,,,,,,,,,,,,,,,,,,,,,,,,,,,,,,,,,,,,,,,,,,,,,,,35.7,36.1,33.6,33.8,35.7,34.3,36,36.6,37.4,38.6,40.6,40.4,41.3,,,
"Bahreïn","BHR",Indice GINI,SI.POV.GINI,,,,,,,,,,,,,,,,,,,,,,,,,,,,,,,,,,,,,,,,,,,,,,,,,,,,,,,,,,,,,,
"Bahamas","BHS",Indice GINI,SI.POV.GINI,,,,,,,,,,,,,,,,,,,,,,,,,,,,,,,,,,,,,,,,,,,,,,,,,,,,,,,,,,,,,,
"Bosnie-Herzégovine","BIH",Indice GINI,SI.POV.GINI,,,,,,,,,,,,,,,,,,,,,,,,,,,,,,,,,,,,,,,,,,30,,,34,,,33.1,,,,33,,,,,,,,,,
"Bélarus","BLR",Indice GINI,SI.POV.GINI,,,,,,,,,,,,,,,,,,,,,,,,,,,,,,,,,,,,,,,32,31.7,31.2,30.6,30.3,28.8,26.5,27.6,28.3,29.6,27.8,27.7,28.6,27.2,26.5,26.6,27.2,25.6,25.3,25.4,25.2,25.3,,
"Belize","BLZ",Indice GINI,SI.POV.GINI,,,,,,,,,,,,,,,,,,,,,,,,,,,,,,,,,,60.3,60.9,,56.6,60.4,54.9,53.3,,,,,,,,,,,,,,,,,,,,,,
"Bermudes","BMU",Indice GINI,SI.POV.GINI,,,,,,,,,,,,,,,,,,,,,,,,,,,,,,,,,,,,,,,,,,,,,,,,,,,,,,,,,,,,,,
"Bolivie","BOL",Indice GINI,SI.POV.GINI,,,,,,,,,,,,,,,,,,,,,,,,,,,,,,,,,49.1,,,,,58.2,,58.1,61.6,57.4,59.3,,55,58.5,56.7,54.5,50.8,49.2,,46.1,46.6,47.6,47.8,46.7,45.3,44.6,42.6,41.6,,
"Brésil","BRA",Indice GINI,SI.POV.GINI,,,,,,,,,,,,,,,,,,,,,,57.9,58.4,59,58.4,55.6,58.5,59.7,61.4,63.3,60.5,,53.2,60.1,,59.6,59.9,59.8,59.6,59,,58.4,58.1,57.6,56.5,56.3,55.6,54.9,54,53.7,,52.9,53.5,52.8,52.1,51.9,53.3,53.3,53.9,53.4,,
"Barbade","BRB",Indice GINI,SI.POV.GINI,,,,,,,,,,,,,,,,,,,,,,,,,,,,,,,,,,,,,,,,,,,,,,,,,,,,,,,,,,,,,,
"Brunéi Darussalam","BRN",Indice GINI,SI.POV.GINI,,,,,,,,,,,,,,,,,,,,,,,,,,,,,,,,,,,,,,,,,,,,,,,,,,,,,,,,,,,,,,
"Bhoutan","BTN",Indice GINI,SI.POV.GINI,,,,,,,,,,,,,,,,,,,,,,,,,,,,,,,,,,,,,,,,,,,,40.9,,,,38.1,,,,,38.8,,,,,37.4,,,,
"Botswana","BWA",Indice GINI,SI.POV.GINI,,,,,,,,,,,,,,,,,,,,,,,,,,54.2,,,,,,,,60.8,,,,,,,,,64.7,,,,,,,60.5,,,,,,53.3,,,,,,
"République centrafricaine","CAF",Indice GINI,SI.POV.GINI,,,,,,,,,,,,,,,,,,,,,,,,,,,,,,,,,61.3,,,,,,,,,,,,,,,,56.2,,,,,,,,,,,,,
"Canada","CAN",Indice GINI,SI.POV.GINI,,,,,,,,,,,,37.3,,,,33.3,,,,,,32.4,,,,,,31.5,,,,31,,,31.3,,,31.6,33.2,,33.3,,,,33.7,,,33.8,,,33.6,,33.5,33.8,33.2,33.7,32.7,33.3,,,,
"Europe centrale et les pays baltes","CEB",Indice GINI,SI.POV.GINI,,,,,,,,,,,,,,,,,,,,,,,,,,,,,,,,,,,,,,,,,,,,,,,,,,,,,,,,,,,,,,
"Suisse","CHE",Indice GINI,SI.POV.GINI,,,,,,,,,,,,,,,,,,,,,,,36,,,,,,,,,,33.9,,,,,,,,33.4,,31.7,,,,33.9,34.3,33.8,32.9,32.6,31.7,31.6,32.5,32.5,32.3,33,32.7,33.1,,,
"Îles Anglo-Normandes","CHI",Indice GINI,SI.POV.GINI,,,,,,,,,,,,,,,,,,,,,,,,,,,,,,,,,,,,,,,,,,,,,,,,,,,,,,,,,,,,,,
"Chili","CHL",Indice GINI,SI.POV.GINI,,,,,,,,,,,,,,,,,,,,,,,,,,,,56.2,,,57.2,,54.8,,56.4,,54.9,,55.5,,52.8,,,51.5,,,47.3,,,47,,46,,45.8,,44.4,,44.4,,,,
"Chine","CHN",Indice GINI,SI.POV.GINI,,,,,,,,,,,,,,,,,,,,,,,,,,,,,,,32.2,,,,,,35.2,,,38.7,,,42,,,40.9,,,43,,43.7,42.4,42.2,39.7,39.2,38.6,38.5,,,,,
"Côte d'Ivoire","CIV",Indice GINI,SI.POV.GINI,,,,,,,,,,,,,,,,,,,,,,,,,,45.5,38,40.5,36.9,,,,39.4,,,40.6,,,39,,,,41.3,,,,,,43.2,,,,,,,41.5,,,,,,
"Cameroun","CMR",Indice GINI,SI.POV.GINI,,,,,,,,,,,,,,,,,,,,,,,,,,,,,,,,,,,,,44.4,,,,,42.1,,,,,,42.8,,,,,,,46.6,,,,,,,
"Congo, République démocratique du","COD",Indice GINI,SI.POV.GINI,,,,,,,,,,,,,,,,,,,,,,,,,,,,,,,,,,,,,,,,,,,,,42.2,,,,,,,,42.1,,,,,,,,,
"Congo, République du","COG",Indice GINI,SI.POV.GINI,,,,,,,,,,,,,,,,,,,,,,,,,,,,,,,,,,,,,,,,,,,,,,47.3,,,,,,48.9,,,,,,,,,,
"Colombie","COL",Indice GINI,SI.POV.GINI,,,,,,,,,,,,,,,,,,,,,,,,,,,,,,,,,51.5,,,,56.9,,,58.7,58.7,57.5,56,53.6,55,53.9,,,55.3,54.3,54.6,53.5,52.6,52.6,52.6,51,50.6,49.7,50.4,51.3,,
"Comores","COM",Indice GINI,SI.POV.GINI,,,,,,,,,,,,,,,,,,,,,,,,,,,,,,,,,,,,,,,,,,,,,55.9,,,,,,,,,,45.3,,,,,,,
"Cabo Verde","CPV",Indice GINI,SI.POV.GINI,,,,,,,,,,,,,,,,,,,,,,,,,,,,,,,,,,,,,,,,,,52.5,,,,,,47.2,,,,,,,,42.4,,,,,,
"Costa Rica","CRI",Indice GINI,SI.POV.GINI,,,,,,,,,,,,,,,,,,,,,,47.5,,,,,34.4,,,46.7,45.3,46.6,45.7,46,46.8,45.7,46.5,45.6,45.7,47.7,47.4,51.5,51.8,49.3,48.3,47.5,49.4,49.3,48.6,50.6,48.2,48.7,48.6,49.3,48.6,48.4,48.7,48.3,48,48.2,,
"Petits états des Caraïbes","CSS",Indice GINI,SI.POV.GINI,,,,,,,,,,,,,,,,,,,,,,,,,,,,,,,,,,,,,,,,,,,,,,,,,,,,,,,,,,,,,,
"Cuba","CUB",Indice GINI,SI.POV.GINI,,,,,,,,,,,,,,,,,,,,,,,,,,,,,,,,,,,,,,,,,,,,,,,,,,,,,,,,,,,,,,
"Curacao","CUW",Indice GINI,SI.POV.GINI,,,,,,,,,,,,,,,,,,,,,,,,,,,,,,,,,,,,,,,,,,,,,,,,,,,,,,,,,,,,,,
"Îles Caïmans","CYM",Indice GINI,SI.POV.GINI,,,,,,,,,,,,,,,,,,,,,,,,,,,,,,,,,,,,,,,,,,,,,,,,,,,,,,,,,,,,,,
"Chypre","CYP",Indice GINI,SI.POV.GINI,,,,,,,,,,,,,,,,,,,,,,,,,,,,,,,,,,,,,,,,,,,,,30.1,30.3,31.1,31.1,31.7,32.1,31.5,32.6,34.3,37,35.6,34,32.9,31.4,32.7,,,
"République tchèque","CZE",Indice GINI,SI.POV.GINI,,,,,,,,,,,,,,,,,,,,,,,,,,,,,,,,,20.7,26.6,,,25.8,,,,,,26.6,,27.5,26.9,26.7,26,26.3,26.2,26.6,26.4,26.1,26.5,25.9,25.9,25.4,24.9,25,,,
"Allemagne","DEU",Indice GINI,SI.POV.GINI,,,,,,,,,,,,,,,,,,,,,,,,,,,,,,,,29.2,,,29.2,28.9,,,28.3,,28.8,30.3,29.9,30,30.4,32.1,31.3,31.3,31.1,30.5,30.2,30.5,30.9,31.1,30.9,31.7,31.9,,,,,
"Djibouti","DJI",Indice GINI,SI.POV.GINI,,,,,,,,,,,,,,,,,,,,,,,,,,,,,,,,,,,,,,,,,,,40,,,,,,,,,,45.1,44.1,,,,41.6,,,,
"Dominique","DMA",Indice GINI,SI.POV.GINI,,,,,,,,,,,,,,,,,,,,,,,,,,,,,,,,,,,,,,,,,,,,,,,,,,,,,,,,,,,,,,
"Danemark","DNK",Indice GINI,SI.POV.GINI,,,,,,,,,,,,,,,,,,,,,,,,,,,,26.2,,,,,24.7,,,23,,,,,23.8,,,25.6,24.9,25.2,25.9,26.2,25.2,26.7,27.2,27.3,27.8,28.5,28.4,28.2,28.2,28.7,28.2,,,
"République dominicaine","DOM",Indice GINI,SI.POV.GINI,,,,,,,,,,,,,,,,,,,,,,,,,,,47.8,,,50.5,,,51.4,,,,47.4,48.9,,,51.5,50,49.7,52.1,52.1,50,52,48.9,48.1,48.9,47.3,47.7,46.1,47.7,44.3,45.2,45.7,42.2,43.7,41.9,,
"Algérie","DZA",Indice GINI,SI.POV.GINI,,,,,,,,,,,,,,,,,,,,,,,,,,,,,40.2,,,,,,,35.3,,,,,,,,,,,,,,,,27.6,,,,,,,,,,
"Asie de l’Est et Pacifique (hors revenu élevé)","EAP",Indice GINI,SI.POV.GINI,,,,,,,,,,,,,,,,,,,,,,,,,,,,,,,,,,,,,,,,,,,,,,,,,,,,,,,,,,,,,,
"de dividende précoce démographique","EAR",Indice GINI,SI.POV.GINI,,,,,,,,,,,,,,,,,,,,,,,,,,,,,,,,,,,,,,,,,,,,,,,,,,,,,,,,,,,,,,
"Asie de l’Est et Pacifique","EAS",Indice GINI,SI.POV.GINI,,,,,,,,,,,,,,,,,,,,,,,,,,,,,,,,,,,,,,,,,,,,,,,,,,,,,,,,,,,,,,
"Europe et Asie centrale (hors revenu élevé)","ECA",Indice GINI,SI.POV.GINI,,,,,,,,,,,,,,,,,,,,,,,,,,,,,,,,,,,,,,,,,,,,,,,,,,,,,,,,,,,,,,
"Europe et Asie centrale","ECS",Indice GINI,SI.POV.GINI,,,,,,,,,,,,,,,,,,,,,,,,,,,,,,,,,,,,,,,,,,,,,,,,,,,,,,,,,,,,,,
"Équateur","ECU",Indice GINI,SI.POV.GINI,,,,,,,,,,,,,,,,,,,,,,,,,,,,,,,,,,,53.4,,,,,58.6,56.4,,,53.5,53.9,53.1,52.3,53.4,49.8,48.5,48.8,45.9,46.1,46.9,45,46,45,44.7,45.4,45.7,,
"Égypte, République arabe d’","EGY",Indice GINI,SI.POV.GINI,,,,,,,,,,,,,,,,,,,,,,,,,,,,,,,32,,,,,30.1,,,,32.8,,,,,31.8,,,,31.1,,30.2,,28.3,,,31.8,,31.5,,,,
"Zone euro","EMU",Indice GINI,SI.POV.GINI,,,,,,,,,,,,,,,,,,,,,,,,,,,,,,,,,,,,,,,,,,,,,,,,,,,,,,,,,,,,,,
"Érythrée","ERI",Indice GINI,SI.POV.GINI,,,,,,,,,,,,,,,,,,,,,,,,,,,,,,,,,,,,,,,,,,,,,,,,,,,,,,,,,,,,,,
"Espagne","ESP",Indice GINI,SI.POV.GINI,,,,,,,,,,,,,,,,,,,,,34.5,,,,,34.4,,,,,32,,,,,36.7,,,,,34.3,,,31.8,33.3,32.4,33.5,34.1,34.2,34.9,35.2,35.7,35.4,36.2,36.1,36.2,35.8,34.7,34.7,,,
"Estonie","EST",Indice GINI,SI.POV.GINI,,,,,,,,,,,,,,,,,,,,,,,,,,,,,,,,,,,,,,,,,,,,37.2,33.6,33.4,33.7,31.2,31.9,31.4,32,32.5,32.9,35.1,34.6,32.7,31.2,30.4,30.3,,,
"Éthiopie","ETH",Indice GINI,SI.POV.GINI,,,,,,,,,,,,,,,,,,,,,,,,,,,,,,,,,,,,44.6,,,,30,,,,,29.8,,,,,,33.2,,,,,35,,,,,,
"Union européenne","EUU",Indice GINI,SI.POV.GINI,,,,,,,,,,,,,,,,,,,,,,,,,,,,,,,,,,,,,,,,,,,,,,,,,,,,,,,,,,,,,,
"Fragile et les situations de conflit touchées","FCS",Indice GINI,SI.POV.GINI,,,,,,,,,,,,,,,,,,,,,,,,,,,,,,,,,,,,,,,,,,,,,,,,,,,,,,,,,,,,,,
"Finlande","FIN",Indice GINI,SI.POV.GINI,,,,,,,,,,,,,,,,,,,,,,,,,,,,22.2,,,,22.9,,,,23.5,,,,,27.2,,,27.7,27.9,27.6,28,28.3,27.8,27.5,27.7,27.6,27.1,27.2,26.8,27.1,27.1,27.4,27.3,,,
"Fidji","FJI",Indice GINI,SI.POV.GINI,,,,,,,,,,,,,,,,,,,,,,,,,,,,,,,,,,,,,,,,,,,38.1,,,,,,40.4,,,,,36.7,,,,,,,,
"France","FRA",Indice GINI,SI.POV.GINI,,,,,,,,,,,,,,,,,,,35.2,,,,,,36.9,,,,,32.2,,,,,32.3,,,,,,31.1,,,31.4,30.6,29.8,29.7,32.4,33,32.7,33.7,33.3,33.1,32.5,32.3,32.7,31.9,31.6,32.4,,,
"Îles Féroé","FRO",Indice GINI,SI.POV.GINI,,,,,,,,,,,,,,,,,,,,,,,,,,,,,,,,,,,,,,,,,,,,,,,,,,,,,,,,,,,,,,
"Micronésie, États fédérés de","FSM",Indice GINI,SI.POV.GINI,,,,,,,,,,,,,,,,,,,,,,,,,,,,,,,,,,,,,,,,,,,,,,42.4,,,,,,,,40.1,,,,,,,,
"Gabon","GAB",Indice GINI,SI.POV.GINI,,,,,,,,,,,,,,,,,,,,,,,,,,,,,,,,,,,,,,,,,,,,,,42.2,,,,,,,,,,,,38,,,,
"Royaume-Uni","GBR",Indice GINI,SI.POV.GINI,,,,,,,,,,33.7,,,,,30,,,,,28.4,,,,,,,31.9,,,,,35.9,,,36.1,36.3,,,,37,38.4,37.3,35.1,35.1,36,34.3,34.6,35.7,34.1,34.3,34.4,33.2,32.3,33.2,34,33.2,34.8,35.1,,,,
"Géorgie","GEO",Indice GINI,SI.POV.GINI,,,,,,,,,,,,,,,,,,,,,,,,,,,,,,,,,,,,,37.1,40.7,41.3,40.1,40.5,39.6,37.2,36.7,36.2,37.4,36.9,38.1,38.5,38.2,39.5,39.6,39,38.6,37.6,36.5,36.6,37.9,36.4,35.9,,
"Ghana","GHA",Indice GINI,SI.POV.GINI,,,,,,,,,,,,,,,,,,,,,,,,,,,,35.3,36,,,38.4,,,,,,,40.1,,,,,,,42.8,,,,,,,42.4,,,,43.5,,,,,
"Gibraltar","GIB",Indice GINI,SI.POV.GINI,,,,,,,,,,,,,,,,,,,,,,,,,,,,,,,,,,,,,,,,,,,,,,,,,,,,,,,,,,,,,,
"Guinée","GIN",Indice GINI,SI.POV.GINI,,,,,,,,,,,,,,,,,,,,,,,,,,,,,,,,46.8,,,46.1,,,,,,,,43,,,,,39.4,,,,,33.7,,,,,,,,,
"Gambie","GMB",Indice GINI,SI.POV.GINI,,,,,,,,,,,,,,,,,,,,,,,,,,,,,,,,,,,,,,,48.5,,,,,47.3,,,,,,,43.6,,,,,35.9,,,,,,
"Guinée-Bissau","GNB",Indice GINI,SI.POV.GINI,,,,,,,,,,,,,,,,,,,,,,,,,,,,,,,,,,43.6,,,,,,,,,35.6,,,,,,,,50.7,,,,,,,,,,,
"Guinée équatoriale","GNQ",Indice GINI,SI.POV.GINI,,,,,,,,,,,,,,,,,,,,,,,,,,,,,,,,,,,,,,,,,,,,,,,,,,,,,,,,,,,,,,
"Grèce","GRC",Indice GINI,SI.POV.GINI,,,,,,,,,,,,,,,,,,,,,,,,,,,,,,,,,,,,37,,,,,34.2,,,32.8,33.6,34.6,35.1,34,33.6,33.6,34.1,34.8,36.3,36.1,35.8,36,35,34.4,32.9,,,
"Grenade","GRD",Indice GINI,SI.POV.GINI,,,,,,,,,,,,,,,,,,,,,,,,,,,,,,,,,,,,,,,,,,,,,,,,,,,,,,,,,,,,,,
"Groenland","GRL",Indice GINI,SI.POV.GINI,,,,,,,,,,,,,,,,,,,,,,,,,,,,,,,,,,,,,,,,,,,,,,,,,,,,,,,,,,,,,,
"Guatemala","GTM",Indice GINI,SI.POV.GINI,,,,,,,,,,,,,,,,,,,,,,,,,,,58.3,,,59.6,,,,,,,,,,,54.2,,,,,,54.6,,,,,,,,48.3,,,,,,,
"Guam","GUM",Indice GINI,SI.POV.GINI,,,,,,,,,,,,,,,,,,,,,,,,,,,,,,,,,,,,,,,,,,,,,,,,,,,,,,,,,,,,,,
"Guyane","GUY",Indice GINI,SI.POV.GINI,,,,,,,,,,,,,,,,,,,,,,,,,,,,,,,,,,,,,,,45.1,,,,,,,,,,,,,,,,,,,,,,,
"Revenu élevé","HIC",Indice GINI,SI.POV.GINI,,,,,,,,,,,,,,,,,,,,,,,,,,,,,,,,,,,,,,,,,,,,,,,,,,,,,,,,,,,,,,
"Chine, RAS de Hong Kong","HKG",Indice GINI,SI.POV.GINI,,,,,,,,,,,,,,,,,,,,,,,,,,,,,,,,,,,,,,,,,,,,,,,,,,,,,,,,,,,,,,
"Honduras","HND",Indice GINI,SI.POV.GINI,,,,,,,,,,,,,,,,,,,,,,,,,,,,,,59.5,57.4,51.9,51.8,53.5,55,55.5,55.7,52.7,57.4,55.4,,55.4,55.7,58.1,58.1,59.5,57.5,55.8,55.5,51.3,53.1,52.6,53.4,50,49.9,49.2,49.8,49.4,48.9,48.2,,
"Pays pauvres très endettés (PPTE)","HPC",Indice GINI,SI.POV.GINI,,,,,,,,,,,,,,,,,,,,,,,,,,,,,,,,,,,,,,,,,,,,,,,,,,,,,,,,,,,,,,
"Croatie","HRV",Indice GINI,SI.POV.GINI,,,,,,,,,,,,,,,,,,,,,,,,,,,,,,,,,,,,,,,,,,,,,,,,,,32.6,32.4,32.3,32.5,32,32.1,31.1,30.9,30.4,29.7,,,
"Haïti","HTI",Indice GINI,SI.POV.GINI,,,,,,,,,,,,,,,,,,,,,,,,,,,,,,,,,,,,,,,,,,,,,,,,,,,,,41.1,,,,,,,,,
"Hongrie","HUN",Indice GINI,SI.POV.GINI,,,,,,,,,,,,,,,,,,,,,,,,,,,,,,,,,,,,,,,,,,,,,29.9,34.7,28.3,27.9,27.5,27,29.4,29.2,30.8,31.5,30.9,30.4,30.3,30.6,29.6,,,
"BIRD seulement","IBD",Indice GINI,SI.POV.GINI,,,,,,,,,,,,,,,,,,,,,,,,,,,,,,,,,,,,,,,,,,,,,,,,,,,,,,,,,,,,,,
"BIRD et IDA","IBT",Indice GINI,SI.POV.GINI,,,,,,,,,,,,,,,,,,,,,,,,,,,,,,,,,,,,,,,,,,,,,,,,,,,,,,,,,,,,,,
"IDA totale","IDA",Indice GINI,SI.POV.GINI,,,,,,,,,,,,,,,,,,,,,,,,,,,,,,,,,,,,,,,,,,,,,,,,,,,,,,,,,,,,,,
"IDA mélange","IDB",Indice GINI,SI.POV.GINI,,,,,,,,,,,,,,,,,,,,,,,,,,,,,,,,,,,,,,,,,,,,,,,,,,,,,,,,,,,,,,
"Indonésie","IDN",Indice GINI,SI.POV.GINI,,,,,,,,,,,,,,,,,,,,,,,,,32.4,,,30.6,,,31.2,,,32,,,34.5,,31.1,31.1,28.6,29,31.7,31.9,32.7,33,34.3,35.7,35.2,35.1,36.4,39.7,39.7,40,39.4,39.7,38.6,38.1,37.8,38.2,,
"IDA seulement","IDX",Indice GINI,SI.POV.GINI,,,,,,,,,,,,,,,,,,,,,,,,,,,,,,,,,,,,,,,,,,,,,,,,,,,,,,,,,,,,,,
"Île de Man","IMN",Indice GINI,SI.POV.GINI,,,,,,,,,,,,,,,,,,,,,,,,,,,,,,,,,,,,,,,,,,,,,,,,,,,,,,,,,,,,,,
"Inde","IND",Indice GINI,SI.POV.GINI,,,,,,,,,,,,,,,,,,,,,,,,32.1,,,,32.6,,,,,,31.7,,,,,,,,,,,34.4,,,,,35.4,,35.7,,,,,,,,,,
"Non classifié","INX",Indice GINI,SI.POV.GINI,,,,,,,,,,,,,,,,,,,,,,,,,,,,,,,,,,,,,,,,,,,,,,,,,,,,,,,,,,,,,,
"Irlande","IRL",Indice GINI,SI.POV.GINI,,,,,,,,,,,,,,,,,,,,,,,,,,,,35.5,,,,,,,36.9,37,35.6,,,,33,,32.3,32.9,33.6,33.8,32.7,31.9,30.9,32.7,32.3,32.9,33.2,33.5,31.9,31.8,32.8,31.4,,,,
"Iran, République islamique d’","IRN",Indice GINI,SI.POV.GINI,,,,,,,,,,,,,,,,,,,,,,,,,,,47.4,,,,43.6,,,,43,,,,44.1,,,,,,,43.6,44.8,,,42.1,,,,37.4,38.8,39.5,40,40.8,42,,,
"Iraq","IRQ",Indice GINI,SI.POV.GINI,,,,,,,,,,,,,,,,,,,,,,,,,,,,,,,,,,,,,,,,,,,,,,,28.6,,,,,,29.5,,,,,,,,,
"Islande","ISL",Indice GINI,SI.POV.GINI,,,,,,,,,,,,,,,,,,,,,,,,,,,,,,,,,,,,,,,,,,,,26.8,28,29,30.2,29.5,31.8,28.7,26.2,26.8,26.8,25.4,27.8,26.8,27.2,26.1,,,,
"Israël","ISR",Indice GINI,SI.POV.GINI,,,,,,,,,,,,,,,,,,,,36.3,,,,,,,36.5,,,,,,35.5,,,,,38.1,,,,38.9,,,,41.8,,41.1,,,42.5,,41.3,,39.8,,39,,,,,
"Italie","ITA",Indice GINI,SI.POV.GINI,,,,,,,,,,,,,,,,,,,,,,,,,,,32.5,34.5,,32.6,,31.5,,35.5,,35.2,,,36.7,,35.3,,,34.9,34.3,33.8,33.7,32.9,33.8,33.8,34.7,35.1,35.2,34.9,34.7,35.4,35.2,35.9,,,,
"Jamaïque","JAM",Indice GINI,SI.POV.GINI,,,,,,,,,,,,,,,,,,,,,,,,,,,,,43.2,,41.1,,,35.7,,,40.4,,,44.1,,,48.3,,45.5,,,,,,,,,,,,,,,,,
"Jordanie","JOR",Indice GINI,SI.POV.GINI,,,,,,,,,,,,,,,,,,,,,,,,,,,36.1,,,,,,43.4,,,,,36.4,,,,,37,,,,33.9,,32.6,,33.7,,,,,,,,,,,
"Japon","JPN",Indice GINI,SI.POV.GINI,,,,,,,,,,,,,,,,,,,,,,,,,,,,,,,,,,,,,,,,,,,,,,,,,34.8,,32.1,,,32.9,,,,,,,,
"Kazakhstan","KAZ",Indice GINI,SI.POV.GINI,,,,,,,,,,,,,,,,,,,,,,,,,,,,,,,,,,,,,35.4,,,,,36,34.8,33.7,31.8,39.8,30.2,30.1,28.5,28.2,28,28,28.2,27.1,27,26.8,27.2,27.5,27.8,,,
"Kenya","KEN",Indice GINI,SI.POV.GINI,,,,,,,,,,,,,,,,,,,,,,,,,,,,,,,,,57.5,,43.1,,,45,,,,,,,,46.5,,,,,,,,,,40.8,,,,,,
"République kirghize","KGZ",Indice GINI,SI.POV.GINI,,,,,,,,,,,,,,,,,,,,,,,,,,,,,,,,,,,,,,,,,31,30.2,30.3,28.7,34.8,32.6,37.4,33.9,31.5,29.9,30.1,27.8,27.4,28.8,26.8,29,26.8,27.3,27.7,29.7,,
"Cambodge","KHM",Indice GINI,SI.POV.GINI,,,,,,,,,,,,,,,,,,,,,,,,,,,,,,,,,,,,,,,,,,,,,,,,,,,,,,,,,,,,,,
"Kiribati","KIR",Indice GINI,SI.POV.GINI,,,,,,,,,,,,,,,,,,,,,,,,,,,,,,,,,,,,,,,,,,,,,,,37,,,,,,,,,,,,,,,
"Saint-Kitts-et-Nevis","KNA",Indice GINI,SI.POV.GINI,,,,,,,,,,,,,,,,,,,,,,,,,,,,,,,,,,,,,,,,,,,,,,,,,,,,,,,,,,,,,,
"Corée, République de","KOR",Indice GINI,SI.POV.GINI,,,,,,,,,,,,,,,,,,,,,,,,,,,,,,,,,,,,,,,,,,,,,,,31.7,,32.3,,32,,31.6,,31.2,,31.4,,,,,
"Koweït","KWT",Indice GINI,SI.POV.GINI,,,,,,,,,,,,,,,,,,,,,,,,,,,,,,,,,,,,,,,,,,,,,,,,,,,,,,,,,,,,,,
"Amérique latine et Caraïbes (hors revenu élevé)","LAC",Indice GINI,SI.POV.GINI,,,,,,,,,,,,,,,,,,,,,,,,,,,,,,,,,,,,,,,,,,,,,,,,,,,,,,,,,,,,,,
"République démocratique populaire lao","LAO",Indice GINI,SI.POV.GINI,,,,,,,,,,,,,,,,,,,,,,,,,,,,,,,,,34.3,,,,,34.9,,,,,32.6,,,,,35.4,,,,,36,,,,,,38.8,,,
"Liban","LBN",Indice GINI,SI.POV.GINI,,,,,,,,,,,,,,,,,,,,,,,,,,,,,,,,,,,,,,,,,,,,,,,,,,,,31.8,,,,,,,,,,
"Libéria","LBR",Indice GINI,SI.POV.GINI,,,,,,,,,,,,,,,,,,,,,,,,,,,,,,,,,,,,,,,,,,,,,,,,36.5,,,,,,,33.2,,35.3,,,,,
"Libye","LBY",Indice GINI,SI.POV.GINI,,,,,,,,,,,,,,,,,,,,,,,,,,,,,,,,,,,,,,,,,,,,,,,,,,,,,,,,,,,,,,
"Sainte-Lucie","LCA",Indice GINI,SI.POV.GINI,,,,,,,,,,,,,,,,,,,,,,,,,,,,,,,,,,,,42.6,,,,,,,,,,,,,,,,,,,,,51.2,,,,,
"Amérique latine et Caraïbes","LCN",Indice GINI,SI.POV.GINI,,,,,,,,,,,,,,,,,,,,,,,,,,,,,,,,,,,,,,,,,,,,,,,,,,,,,,,,,,,,,,
"Pays les moins avancés: classement de l’ONU","LDC",Indice GINI,SI.POV.GINI,,,,,,,,,,,,,,,,,,,,,,,,,,,,,,,,,,,,,,,,,,,,,,,,,,,,,,,,,,,,,,
"Faible revenu","LIC",Indice GINI,SI.POV.GINI,,,,,,,,,,,,,,,,,,,,,,,,,,,,,,,,,,,,,,,,,,,,,,,,,,,,,,,,,,,,,,
"Liechtenstein","LIE",Indice GINI,SI.POV.GINI,,,,,,,,,,,,,,,,,,,,,,,,,,,,,,,,,,,,,,,,,,,,,,,,,,,,,,,,,,,,,,
"Sri Lanka","LKA",Indice GINI,SI.POV.GINI,,,,,,,,,,,,,,,,,,,,,,,,,,32.5,,,,,32.4,,,,,35.4,,,,,,,40.2,,,,39.7,,,36.1,,,38.7,,,,39.3,,,,,
"Revenu intermédiaire, tranche inférieure","LMC",Indice GINI,SI.POV.GINI,,,,,,,,,,,,,,,,,,,,,,,,,,,,,,,,,,,,,,,,,,,,,,,,,,,,,,,,,,,,,,
"Revenu faible et intermédiaire","LMY",Indice GINI,SI.POV.GINI,,,,,,,,,,,,,,,,,,,,,,,,,,,,,,,,,,,,,,,,,,,,,,,,,,,,,,,,,,,,,,
"Lesotho","LSO",Indice GINI,SI.POV.GINI,,,,,,,,,,,,,,,,,,,,,,,,,,,56,,,,,,,,63.2,,,,,,,,51.6,,,,,,,,,,,,,,,44.9,,,,
"de dividende tardif démographique","LTE",Indice GINI,SI.POV.GINI,,,,,,,,,,,,,,,,,,,,,,,,,,,,,,,,,,,,,,,,,,,,,,,,,,,,,,,,,,,,,,
"Lituanie","LTU",Indice GINI,SI.POV.GINI,,,,,,,,,,,,,,,,,,,,,,,,,,,,,,,,,,,,,,,,,,,,,37,35.3,34.4,34.8,35.7,37.2,33.6,32.5,35.1,35.3,37.7,37.4,38.4,37.3,35.7,,,
"Luxembourg","LUX",Indice GINI,SI.POV.GINI,,,,,,,,,,,,,,,,,,,,,,,,,,26.7,,,,,,26.8,,,26.9,,,30.2,,,30.4,,,30.2,30.2,30.8,30.9,31.1,32.6,31.2,30.5,32.1,34.3,32,31.2,32.9,31.7,34.5,35.4,,,
"Lettonie","LVA",Indice GINI,SI.POV.GINI,,,,,,,,,,,,,,,,,,,,,,,,,,,,,,,,,,,,,,,,,,,,,36.4,39,35.6,37.5,37.2,36,35,35.8,35.2,35.5,35.1,34.2,34.3,35.6,35.1,,,
"Région administrative spéciale de Macao, Chine","MAC",Indice GINI,SI.POV.GINI,,,,,,,,,,,,,,,,,,,,,,,,,,,,,,,,,,,,,,,,,,,,,,,,,,,,,,,,,,,,,,
"Saint-Martin (fr)","MAF",Indice GINI,SI.POV.GINI,,,,,,,,,,,,,,,,,,,,,,,,,,,,,,,,,,,,,,,,,,,,,,,,,,,,,,,,,,,,,,
"Maroc","MAR",Indice GINI,SI.POV.GINI,,,,,,,,,,,,,,,,,,,,,,,,,39.2,,,,,,39.2,,,,,,,,39.4,,40.6,,,,,,40.7,,,,,,,39.5,,,,,,,,
"Monaco","MCO",Indice GINI,SI.POV.GINI,,,,,,,,,,,,,,,,,,,,,,,,,,,,,,,,,,,,,,,,,,,,,,,,,,,,,,,,,,,,,,
"Moldova","MDA",Indice GINI,SI.POV.GINI,,,,,,,,,,,,,,,,,,,,,,,,,,,,,,,,,,,,,,36.9,39.5,42.6,36.4,38,35.8,34.9,35,36.3,35.4,34.4,34.7,32.9,32.1,30.6,29.2,28.5,26.8,27,26.3,25.9,25.7,,,
"Madagascar","MDG",Indice GINI,SI.POV.GINI,,,,,,,,,,,,,,,,,,,,,46.8,,,,,,,,,,,,,45.3,,,,39.5,,38.6,,47.4,,,,39.9,,,,,42.4,,42.6,,,,,,,,,
"Maldives","MDV",Indice GINI,SI.POV.GINI,,,,,,,,,,,,,,,,,,,,,,,,,,,,,,,,,,,,,,,,,,,41.3,,,,,,,38.4,,,,,,,31.3,,,,,
"Afrique du Nord et Moyen-Orient","MEA",Indice GINI,SI.POV.GINI,,,,,,,,,,,,,,,,,,,,,,,,,,,,,,,,,,,,,,,,,,,,,,,,,,,,,,,,,,,,,,
"Mexique","MEX",Indice GINI,SI.POV.GINI,,,,,,,,,,,,,,,,,,,,,,,,,48.5,,,,,50.6,,,52.6,,52.8,,53.6,,51.7,,52.6,,50.1,,50,50.1,48.9,,49.9,,47.2,,48.7,,48.7,,46.3,,45.4,,,
"Îles Marshall","MHL",Indice GINI,SI.POV.GINI,,,,,,,,,,,,,,,,,,,,,,,,,,,,,,,,,,,,,,,,,,,,,,,,,,,,,,,,,,,,,,
"Revenu intermédiaire","MIC",Indice GINI,SI.POV.GINI,,,,,,,,,,,,,,,,,,,,,,,,,,,,,,,,,,,,,,,,,,,,,,,,,,,,,,,,,,,,,,
"Macédoine du Nord","MKD",Indice GINI,SI.POV.GINI,,,,,,,,,,,,,,,,,,,,,,,,,,,,,,,,,,,,,,,,,,,,,,,,,,42.8,40.2,39.4,38.1,36.2,35.2,35.6,34.5,34.2,33,,,
"Mali","MLI",Indice GINI,SI.POV.GINI,,,,,,,,,,,,,,,,,,,,,,,,,,,,,,,,,,,50.4,,,,,,,39.9,,,,,38.9,,,33,,,,,,,,,,,,
"Malte","MLT",Indice GINI,SI.POV.GINI,,,,,,,,,,,,,,,,,,,,,,,,,,,,,,,,,,,,,,,,,,,,,,,28,29.2,29,30.2,29,29.1,29.4,28.8,29,29.4,29.1,29.2,28.7,,,
"Myanmar","MMR",Indice GINI,SI.POV.GINI,,,,,,,,,,,,,,,,,,,,,,,,,,,,,,,,,,,,,,,,,,,,,,,,,,,,,,,,38.1,,30.7,,,,
"Afrique du Nord et Moyen-Orient (hors revenu élevé)","MNA",Indice GINI,SI.POV.GINI,,,,,,,,,,,,,,,,,,,,,,,,,,,,,,,,,,,,,,,,,,,,,,,,,,,,,,,,,,,,,,
"Monténégro","MNE",Indice GINI,SI.POV.GINI,,,,,,,,,,,,,,,,,,,,,,,,,,,,,,,,,,,,,,,,,,,,,,,,,,,,,41.2,39,38.8,39,38.5,,,,,
"Mongolie","MNG",Indice GINI,SI.POV.GINI,,,,,,,,,,,,,,,,,,,,,,,,,,,,,,,,,,,,33.2,,,30.3,,,,32.9,,,,,35.8,,,33.1,33.9,33.8,,32,,32.3,,32.7,,,
"Mariannes","MNP",Indice GINI,SI.POV.GINI,,,,,,,,,,,,,,,,,,,,,,,,,,,,,,,,,,,,,,,,,,,,,,,,,,,,,,,,,,,,,,
"Mozambique","MOZ",Indice GINI,SI.POV.GINI,,,,,,,,,,,,,,,,,,,,,,,,,,,,,,,,,,,,,53.6,,,,,,47,,,,,,45.6,,,,,,54,,,,,,,
"Mauritanie","MRT",Indice GINI,SI.POV.GINI,,,,,,,,,,,,,,,,,,,,,,,,,,,,43.9,,,,,,50.1,,37.7,,,,,39,,,,40.2,,,,35.7,,,,,,32.6,,,,,,,
"Maurice","MUS",Indice GINI,SI.POV.GINI,,,,,,,,,,,,,,,,,,,,,,,,,,,,,,,,,,,,,,,,,,,,,,,35.7,,,,,,38.5,,,,,36.8,,,,
"Malawi","MWI",Indice GINI,SI.POV.GINI,,,,,,,,,,,,,,,,,,,,,,,,,,,,,,,,,,,,,,65.8,,,,,,,39.9,,,,,,45.5,,,,,,44.7,,,,,
"Malaisie","MYS",Indice GINI,SI.POV.GINI,,,,,,,,,,,,,,,,,,,,,,,,,48.6,,,47,,46.2,,,47.7,,,48.5,,49.1,,,,,,46.4,,,44.8,,45.5,,,43.9,,41.3,,41.1,,,,,,
"Amérique du Nord","NAC",Indice GINI,SI.POV.GINI,,,,,,,,,,,,,,,,,,,,,,,,,,,,,,,,,,,,,,,,,,,,,,,,,,,,,,,,,,,,,,
"Namibie","NAM",Indice GINI,SI.POV.GINI,,,,,,,,,,,,,,,,,,,,,,,,,,,,,,,,,,,,,,,,,,,,63.3,,,,,,61,,,,,,59.1,,,,,,
"Nouvelle-Calédonie","NCL",Indice GINI,SI.POV.GINI,,,,,,,,,,,,,,,,,,,,,,,,,,,,,,,,,,,,,,,,,,,,,,,,,,,,,,,,,,,,,,
"Niger","NER",Indice GINI,SI.POV.GINI,,,,,,,,,,,,,,,,,,,,,,,,,,,,,,,,,36.1,,41.5,,,,,,,,,,,44.4,,37.3,,,,31.5,,,34.3,,,,,,,
"Nigéria","NGA",Indice GINI,SI.POV.GINI,,,,,,,,,,,,,,,,,,,,,,,,,,38.7,,,,,,,45,,,,51.9,,,,,,,40.1,,,,,,43,,,,,,,,,35.1,,,
"Nicaragua","NIC",Indice GINI,SI.POV.GINI,,,,,,,,,,,,,,,,,,,,,,,,,,,,,,,,,,57.4,,,,,54.4,,,52.9,,,,48.8,,,,43.9,,,,,46.2,,,,,,,
"Pays-Bas","NLD",Indice GINI,SI.POV.GINI,,,,,,,,,,,,,,,,,,,,,,,,28.4,,,,26.8,,,31.1,,,30.4,,,,,,28.1,,,,,29.8,29,30,29.6,29.3,27.9,27.8,27.8,27.6,28.1,28.6,28.2,28.2,28.5,28.1,,,
"Norvège","NOR",Indice GINI,SI.POV.GINI,,,,,,,,,,,,,,,,,,,,26.9,,,,,,,24.6,,,,,25.2,,,,26,,,,,27.4,,,27.6,31.6,30.6,26.4,27.1,27,26.2,25.7,25.3,25.7,26.4,26.8,27.5,28.5,27,27.6,,,
"Népal","NPL",Indice GINI,SI.POV.GINI,,,,,,,,,,,,,,,,,,,,,,,,,,,,,,,,,,,,35.2,,,,,,,,43.8,,,,,,,32.8,,,,,,,,,,,
"Nauru","NRU",Indice GINI,SI.POV.GINI,,,,,,,,,,,,,,,,,,,,,,,,,,,,,,,,,,,,,,,,,,,,,,,,,,,,,34.8,,,,,,,,,
"Nouvelle-Zélande","NZL",Indice GINI,SI.POV.GINI,,,,,,,,,,,,,,,,,,,,,,,,,,,,,,,,,,,,,,,,,,,,,,,,,,,,,,,,,,,,,,
"Pays membres de l'OCDE","OED",Indice GINI,SI.POV.GINI,,,,,,,,,,,,,,,,,,,,,,,,,,,,,,,,,,,,,,,,,,,,,,,,,,,,,,,,,,,,,,
"Oman","OMN",Indice GINI,SI.POV.GINI,,,,,,,,,,,,,,,,,,,,,,,,,,,,,,,,,,,,,,,,,,,,,,,,,,,,,,,,,,,,,,
"Autres petits états","OSS",Indice GINI,SI.POV.GINI,,,,,,,,,,,,,,,,,,,,,,,,,,,,,,,,,,,,,,,,,,,,,,,,,,,,,,,,,,,,,,
"Pakistan","PAK",Indice GINI,SI.POV.GINI,,,,,,,,,,,,,,,,,,,,,,,,,,,,33.3,,,33.2,,,,,,28.7,,33.1,,,30.4,,,32.5,32.7,,31.6,,,29.8,30.9,,30.7,,32.6,,,31.6,,,
"Panama","PAN",Indice GINI,SI.POV.GINI,,,,,,,,,,,,,,,,,,,,48.7,,,,,,,,,,58.9,,58.2,,,,57.8,,58.2,57.5,56.5,56.6,56.7,56.1,55.7,54.8,53.8,54.6,52.7,52.7,51.8,51.6,51.3,51.7,51.5,50.5,50.8,50.4,49.9,49.2,49.8,,
"Pérou","PER",Indice GINI,SI.POV.GINI,,,,,,,,,,,,,,,,,,,,,,,,,,,,,,,,,,,,,,53.3,55.1,54.8,49.1,51.3,53.6,53.1,49.9,50.4,50.3,50,47.5,47,45.5,44.7,44.4,43.9,43.1,43.4,43.6,43.3,42.4,41.5,,
"Philippines","PHL",Indice GINI,SI.POV.GINI,,,,,,,,,,,,,,,,,,,,,,,,,,,,,,,,,,,,,,,,,47.7,,,46.6,,,47.2,,,46.3,,,46.5,,,44.6,,,42.3,,,
"Palaos","PLW",Indice GINI,SI.POV.GINI,,,,,,,,,,,,,,,,,,,,,,,,,,,,,,,,,,,,,,,,,,,,,,,,,,,,,,,,,,,,,,
"Papouasie-Nouvelle-Guinée","PNG",Indice GINI,SI.POV.GINI,,,,,,,,,,,,,,,,,,,,,,,,,,,,,,,,,,,,,45.8,,,,,,,,,,,,,41.9,,,,,,,,,,,,
"Pologne","POL",Indice GINI,SI.POV.GINI,,,,,,,,,,,,,,,,,,,,,,,,,,,,,,,,,,,,,,,,,,,,,38,35.8,34.7,34,33.5,33.4,33.2,33.2,33,33.1,32.8,31.8,31.2,29.7,30.2,,,
"de Pré-dividende démographique","PRE",Indice GINI,SI.POV.GINI,,,,,,,,,,,,,,,,,,,,,,,,,,,,,,,,,,,,,,,,,,,,,,,,,,,,,,,,,,,,,,
"Porto Rico","PRI",Indice GINI,SI.POV.GINI,,,,,,,,,,,,,,,,,,,,,,,,,,,,,,,,,,,,,,,,,,,,,,,,,,,,,,,,,,,,,,
"Corée, République démocratique de","PRK",Indice GINI,SI.POV.GINI,,,,,,,,,,,,,,,,,,,,,,,,,,,,,,,,,,,,,,,,,,,,,,,,,,,,,,,,,,,,,,
"Portugal","PRT",Indice GINI,SI.POV.GINI,,,,,,,,,,,,,,,,,,,,,,,,,,,,,,,,,,,,,,,,,,,,38.8,38.9,38.5,38.1,36.8,36.6,34.9,35.8,36.3,36,36.2,35.6,35.5,35.2,33.8,33.5,,,
"Paraguay","PRY",Indice GINI,SI.POV.GINI,,,,,,,,,,,,,,,,,,,,,,,,,,,,,,,40.8,,,,,58.2,,54.9,,54.6,,54.6,57.3,54.9,52.3,51.4,53,53,50.7,49.1,51,52.3,47.6,47.9,50.7,47.6,47.9,48.5,46,45.7,,
"Cisjordanie et Gaza","PSE",Indice GINI,SI.POV.GINI,,,,,,,,,,,,,,,,,,,,,,,,,,,,,,,,,,,,,,,,,,,,,34,34.7,34,35.6,,34.5,35.3,34.4,,,,,33.7,,,,,
"Petits états insulaires du Pacifique","PSS",Indice GINI,SI.POV.GINI,,,,,,,,,,,,,,,,,,,,,,,,,,,,,,,,,,,,,,,,,,,,,,,,,,,,,,,,,,,,,,
"de Post-dividende démographique","PST",Indice GINI,SI.POV.GINI,,,,,,,,,,,,,,,,,,,,,,,,,,,,,,,,,,,,,,,,,,,,,,,,,,,,,,,,,,,,,,
"Polynésie française","PYF",Indice GINI,SI.POV.GINI,,,,,,,,,,,,,,,,,,,,,,,,,,,,,,,,,,,,,,,,,,,,,,,,,,,,,,,,,,,,,,
"Qatar","QAT",Indice GINI,SI.POV.GINI,,,,,,,,,,,,,,,,,,,,,,,,,,,,,,,,,,,,,,,,,,,,,,,,,,,,,,,,,,,,,,
"Roumanie","ROU",Indice GINI,SI.POV.GINI,,,,,,,,,,,,,,,,,,,,,,,,,,,,,,,,,,,,,,,,,,,,,,,39.6,37.5,36.4,35.6,35.5,35.9,36.5,36.9,36,35.9,34.4,36,35.8,,,
"Fédération de Russie","RUS",Indice GINI,SI.POV.GINI,,,,,,,,,,,,,,,,,,,,,,,,,,,,,,,,,,48.4,,,46.1,38.4,38.1,37.4,37.1,36.9,37.3,40,40.3,41.3,41,42.3,41.6,39.8,39.5,39.7,40.7,40.9,39.9,37.7,36.8,37.2,37.5,,,
"Rwanda","RWA",Indice GINI,SI.POV.GINI,,,,,,,,,,,,,,,,,,,,,,,,,,,,,,,,,,,,,,,,,48.5,,,,,52,,,,,47.2,,,45.1,,,43.7,,,,,
"Asie du Sud","SAS",Indice GINI,SI.POV.GINI,,,,,,,,,,,,,,,,,,,,,,,,,,,,,,,,,,,,,,,,,,,,,,,,,,,,,,,,,,,,,,
"Arabie saoudite","SAU",Indice GINI,SI.POV.GINI,,,,,,,,,,,,,,,,,,,,,,,,,,,,,,,,,,,,,,,,,,,,,,,,,,,,,,,,,,,,,,
"Soudan","SDN",Indice GINI,SI.POV.GINI,,,,,,,,,,,,,,,,,,,,,,,,,,,,,,,,,,,,,,,,,,,,,,,,,,35.4,,,,,34.2,,,,,,,
"Sénégal","SEN",Indice GINI,SI.POV.GINI,,,,,,,,,,,,,,,,,,,,,,,,,,,,,,,,54.1,,,41.4,,,,,,,41.2,,,,39.2,,,,,,40.3,,,,,,,,,,
"Singapour","SGP",Indice GINI,SI.POV.GINI,,,,,,,,,,,,,,,,,,,,,,,,,,,,,,,,,,,,,,,,,,,,,,,,,,,,,,,,,,,,,,
"Îles Salomon","SLB",Indice GINI,SI.POV.GINI,,,,,,,,,,,,,,,,,,,,,,,,,,,,,,,,,,,,,,,,,,,,,,46.1,,,,,,,37.1,,,,,,,,,
"Sierra Leone","SLE",Indice GINI,SI.POV.GINI,,,,,,,,,,,,,,,,,,,,,,,,,,,,,,,,,,,,,,,,,,,,40.2,,,,,,,,34,,,,,,,35.7,,,
"El Salvador","SLV",Indice GINI,SI.POV.GINI,,,,,,,,,,,,,,,,,,,,,,,,,,,,,,,,54,,,,49.9,51,,54.5,52.2,51.5,51.4,51.9,50.5,47.8,48.5,45.7,45.2,46.9,45.8,43.5,42.3,41.8,43.4,41.6,40.6,40,38,38.6,38.8,,
"Saint-Marin","SMR",Indice GINI,SI.POV.GINI,,,,,,,,,,,,,,,,,,,,,,,,,,,,,,,,,,,,,,,,,,,,,,,,,,,,,,,,,,,,,,
"Somalie","SOM",Indice GINI,SI.POV.GINI,,,,,,,,,,,,,,,,,,,,,,,,,,,,,,,,,,,,,,,,,,,,,,,,,,,,,,,,,,36.8,,,,
"Serbie","SRB",Indice GINI,SI.POV.GINI,,,,,,,,,,,,,,,,,,,,,,,,,,,,,,,,,,,,,,,,,,,,,,,,,,,,,39.9,39.5,40.5,40.5,38.8,36.2,,,,
"Afrique subsaharienne (hors revenu élevé)","SSA",Indice GINI,SI.POV.GINI,,,,,,,,,,,,,,,,,,,,,,,,,,,,,,,,,,,,,,,,,,,,,,,,,,,,,,,,,,,,,,
"Soudan du Sud","SSD",Indice GINI,SI.POV.GINI,,,,,,,,,,,,,,,,,,,,,,,,,,,,,,,,,,,,,,,,,,,,,,,,,,46.3,,,,,,,44.1,,,,,
"Afrique subsaharienne","SSF",Indice GINI,SI.POV.GINI,,,,,,,,,,,,,,,,,,,,,,,,,,,,,,,,,,,,,,,,,,,,,,,,,,,,,,,,,,,,,,
"Petits états","SST",Indice GINI,SI.POV.GINI,,,,,,,,,,,,,,,,,,,,,,,,,,,,,,,,,,,,,,,,,,,,,,,,,,,,,,,,,,,,,,
"Sao Tomé-et-Principe","STP",Indice GINI,SI.POV.GINI,,,,,,,,,,,,,,,,,,,,,,,,,,,,,,,,,,,,,,,,,32.1,,,,,,,,,,30.8,,,,,,,56.3,,,,
"Suriname","SUR",Indice GINI,SI.POV.GINI,,,,,,,,,,,,,,,,,,,,,,,,,,,,,,,,,,,,,,,,57.9,,,,,,,,,,,,,,,,,,,,,,
"République slovaque","SVK",Indice GINI,SI.POV.GINI,,,,,,,,,,,,,,,,,,,,,,,,,,,,,,,,,,,,,,,,,,,,,27.1,29.3,25.8,24.7,26,27.2,27.3,26.5,26.1,28.1,26.1,26.5,25.2,,25,,,
"Slovénie","SVN",Indice GINI,SI.POV.GINI,,,,,,,,,,,,,,,,,,,,,,,,,,,,,,,,,,,,,,,,,,,,,24.8,24.6,24.4,24.4,23.7,24.8,24.9,24.9,25.6,26.2,25.7,25.4,24.8,24.2,24.6,,,
"Suède","SWE",Indice GINI,SI.POV.GINI,,,,,,,,34,,,,,,,,24.3,,,,,,22.9,,,,,,23.1,,,,,24.9,,,25.2,,,,,27.2,,,25.3,26.1,26.8,26.4,27.1,28.1,27.3,27.7,27.6,27.6,28.8,28.4,29.2,29.6,28.8,30,,,
"Eswatini","SWZ",Indice GINI,SI.POV.GINI,,,,,,,,,,,,,,,,,,,,,,,,,,,,,,,,,,,60.5,,,,,,53.1,,,,,,,,,51.5,,,,,,,54.6,,,,,
"Sint Maarten (Dutch part)","SXM",Indice GINI,SI.POV.GINI,,,,,,,,,,,,,,,,,,,,,,,,,,,,,,,,,,,,,,,,,,,,,,,,,,,,,,,,,,,,,,
"Seychelles","SYC",Indice GINI,SI.POV.GINI,,,,,,,,,,,,,,,,,,,,,,,,,,,,,,,,,,,,,,,,,,,,,,,,,,,,,,46.8,,,,,32.1,,,
"République arabe syrienne","SYR",Indice GINI,SI.POV.GINI,,,,,,,,,,,,,,,,,,,,,,,,,,,,,,,,,,,,,35.2,,,,,,,37.5,,,,,,,,,,,,,,,,,,
"Îles Turques-et-Caïques","TCA",Indice GINI,SI.POV.GINI,,,,,,,,,,,,,,,,,,,,,,,,,,,,,,,,,,,,,,,,,,,,,,,,,,,,,,,,,,,,,,
"Tchad","TCD",Indice GINI,SI.POV.GINI,,,,,,,,,,,,,,,,,,,,,,,,,,,,,,,,,,,,,,,,,,,,39.8,,,,,,,,43.3,,,,,,,,,,
"Asie de l’Est et Pacifique (BIRD et IDA)","TEA",Indice GINI,SI.POV.GINI,,,,,,,,,,,,,,,,,,,,,,,,,,,,,,,,,,,,,,,,,,,,,,,,,,,,,,,,,,,,,,
"Europe et Asie centrale (BIRD et IDA)","TEC",Indice GINI,SI.POV.GINI,,,,,,,,,,,,,,,,,,,,,,,,,,,,,,,,,,,,,,,,,,,,,,,,,,,,,,,,,,,,,,
"Togo","TGO",Indice GINI,SI.POV.GINI,,,,,,,,,,,,,,,,,,,,,,,,,,,,,,,,,,,,,,,,,,,,,,,42.2,,,,,46,,,,43.1,,,,,,
"Thaïlande","THA",Indice GINI,SI.POV.GINI,,,,,,,,,,,,,,,,,,,,,,45.2,,,,,,,43.8,,45.3,,47.9,,43.5,,42.9,,41.5,43.1,42.8,,41.9,,42.5,,41.8,39.8,40.3,39.6,39.4,37.5,39.3,37.8,37,36,36.9,36.5,36.4,34.9,,
"Tadjikistan","TJK",Indice GINI,SI.POV.GINI,,,,,,,,,,,,,,,,,,,,,,,,,,,,,,,,,,,,,,,,29.5,,,,32.7,33.6,,,32.2,,30.8,,,,,,34,,,,,,
"Turkménistan","TKM",Indice GINI,SI.POV.GINI,,,,,,,,,,,,,,,,,,,,,,,,,,,,,,,,,,,,,,,40.8,,,,,,,,,,,,,,,,,,,,,,,
"Amérique latine et Caraïbes (BIRD et IDA)","TLA",Indice GINI,SI.POV.GINI,,,,,,,,,,,,,,,,,,,,,,,,,,,,,,,,,,,,,,,,,,,,,,,,,,,,,,,,,,,,,,
"Timor-Leste","TLS",Indice GINI,SI.POV.GINI,,,,,,,,,,,,,,,,,,,,,,,,,,,,,,,,,,,,,,,,,,35.9,,,,,,27.8,,,,,,,28.7,,,,,,,
"Afrique du Nord et Moyen-Orient (BIRD et IDA)","TMN",Indice GINI,SI.POV.GINI,,,,,,,,,,,,,,,,,,,,,,,,,,,,,,,,,,,,,,,,,,,,,,,,,,,,,,,,,,,,,,
"Tonga","TON",Indice GINI,SI.POV.GINI,,,,,,,,,,,,,,,,,,,,,,,,,,,,,,,,,,,,,,,,,37.7,,,,,,,,,37.5,,,,,,37.6,,,,,,
"Asie du Sud (BIRD et IDA)","TSA",Indice GINI,SI.POV.GINI,,,,,,,,,,,,,,,,,,,,,,,,,,,,,,,,,,,,,,,,,,,,,,,,,,,,,,,,,,,,,,
"Afrique subsaharienne (BIRD et IDA)","TSS",Indice GINI,SI.POV.GINI,,,,,,,,,,,,,,,,,,,,,,,,,,,,,,,,,,,,,,,,,,,,,,,,,,,,,,,,,,,,,,
"Trinité-et-Tobago","TTO",Indice GINI,SI.POV.GINI,,,,,,,,,,,,,,,,,,,,,,,,,,,,,42.6,,,,40.3,,,,,,,,,,,,,,,,,,,,,,,,,,,,,
"Tunisie","TUN",Indice GINI,SI.POV.GINI,,,,,,,,,,,,,,,,,,,,,,,,,,43.4,,,,,40.2,,,,,41.7,,,,,40.8,,,,,37.7,,,,,35.8,,,,,32.8,,,,,,
"Turquie","TUR",Indice GINI,SI.POV.GINI,,,,,,,,,,,,,,,,,,,,,,,,,,,,43.5,,,,,,,41.3,,,,,,,,41.4,42.2,41.3,42.6,39.6,38.4,39,39,38.8,40,40.2,40.2,41.2,42.9,41.9,41.4,41.9,41.9,,
"Tuvalu","TUV",Indice GINI,SI.POV.GINI,,,,,,,,,,,,,,,,,,,,,,,,,,,,,,,,,,,,,,,,,,,,,,,,,,,39.1,,,,,,,,,,,
"Tanzanie","TZA",Indice GINI,SI.POV.GINI,,,,,,,,,,,,,,,,,,,,,,,,,,,,,,,,35.3,,,,,,,,,37.3,,,,,,,40.3,,,,37.8,,,,,,40.5,,,,
"Ouganda","UGA",Indice GINI,SI.POV.GINI,,,,,,,,,,,,,,,,,,,,,,,,,,,,,,44.4,,,41.4,,,,39,,,43,,,45.2,,,42.9,,,,44.2,,,41,,,,42.8,,,,,
"Ukraine","UKR",Indice GINI,SI.POV.GINI,,,,,,,,,,,,,,,,,,,,,,,,,,,,,,,,,29.7,28.9,,39.3,35.2,,,,,,29,28.7,28.9,29,29.8,27,26.6,25.3,24.8,24.6,24.7,24.6,24,25.5,25,26,26.1,26.6,,
"Revenu intermédiaire, tranche supérieure","UMC",Indice GINI,SI.POV.GINI,,,,,,,,,,,,,,,,,,,,,,,,,,,,,,,,,,,,,,,,,,,,,,,,,,,,,,,,,,,,,,
"Uruguay","URY",Indice GINI,SI.POV.GINI,,,,,,,,,,,,,,,,,,,,,,,,,,,,,,,,,41.5,,,40.9,40.8,41.5,42.5,,42.9,45,45.5,45,45.9,44.7,45.9,46.4,45.1,45.5,44.5,42.2,39.9,40.5,40.1,40.1,39.7,39.5,39.7,39.7,,
"États-Unis","USA",Indice GINI,SI.POV.GINI,,,,,,,,,,,,,,,35.3,,,,,34.5,,,,,,,37.4,,,,,38,38.4,40.4,40,39.9,40.3,40.5,40,40,40.1,40.6,40.4,40.8,40.3,41,41.4,40.8,40.8,40.6,40,40.9,40.9,40.7,41.5,41.2,41.1,41.2,41.4,,,
"Ouzbékistan","UZB",Indice GINI,SI.POV.GINI,,,,,,,,,,,,,,,,,,,,,,,,,,,,,,,,,,,,,,,44.7,,36.1,,33,35.3,,,,,,,,,,,,,,,,,,
"Saint-Vincent-et-les Grenadines","VCT",Indice GINI,SI.POV.GINI,,,,,,,,,,,,,,,,,,,,,,,,,,,,,,,,,,,,,,,,,,,,,,,,,,,,,,,,,,,,,,
"Venezuela","VEN",Indice GINI,SI.POV.GINI,,,,,,,,,,,,,,,,,,,,,,55.6,,,,,,53.4,,43.8,,,42.1,,,47.2,,,48.1,47.8,,47.2,49,48.1,47.5,49.5,44.8,,,,,,,,,,,,,,,
"Îles Vierges britanniques","VGB",Indice GINI,SI.POV.GINI,,,,,,,,,,,,,,,,,,,,,,,,,,,,,,,,,,,,,,,,,,,,,,,,,,,,,,,,,,,,,,
"Îles Vierges (EU)","VIR",Indice GINI,SI.POV.GINI,,,,,,,,,,,,,,,,,,,,,,,,,,,,,,,,,,,,,,,,,,,,,,,,,,,,,,,,,,,,,,
"Viet Nam","VNM",Indice GINI,SI.POV.GINI,,,,,,,,,,,,,,,,,,,,,,,,,,,,,,,,,35.7,,,,,35.4,,,,,37,,36.8,,35.8,,35.6,,39.3,,35.6,,34.8,,35.3,,35.7,,,
"Vanuatu","VUT",Indice GINI,SI.POV.GINI,,,,,,,,,,,,,,,,,,,,,,,,,,,,,,,,,,,,,,,,,,,,,,,,,,,37.6,,,,,,,,,,,
"Monde","WLD",Indice GINI,SI.POV.GINI,,,,,,,,,,,,,,,,,,,,,,,,,,,,,,,,,,,,,,,,,,,,,,,,,,,,,,,,,,,,,,
"Samoa","WSM",Indice GINI,SI.POV.GINI,,,,,,,,,,,,,,,,,,,,,,,,,,,,,,,,,,,,,,,,,,,40.7,,,,,,42,,,,,38.7,,,,,,,,
"Kosovo","XKX",Indice GINI,SI.POV.GINI,,,,,,,,,,,,,,,,,,,,,,,,,,,,,,,,,,,,,,,,,,,,29,,31.2,30.3,,,31.8,33.3,27.8,29,26.3,27.3,26.5,26.7,29,,,,
"Yémen, Rép. du","YEM",Indice GINI,SI.POV.GINI,,,,,,,,,,,,,,,,,,,,,,,,,,,,,,,,,,,,,,,35,,,,,,,34.7,,,,,,,,,36.7,,,,,,,
"Afrique du Sud","ZAF",Indice GINI,SI.POV.GINI,,,,,,,,,,,,,,,,,,,,,,,,,,,,,,,,,,59.3,,,60.7,,,,57.8,,,,,64.8,,,63,,63.4,,,,63,,,,,,,
"Zambie","ZMB",Indice GINI,SI.POV.GINI,,,,,,,,,,,,,,,,,,,,,,,,,,,,,,,,60.5,,52.6,,,48.3,,49.1,,,,42.1,,54.3,,54.6,,,,55.6,,,,,57.1,,,,,,
"Zimbabwe","ZWE",Indice GINI,SI.POV.GINI,,,,,,,,,,,,,,,,,,,,,,,,,,,,,,,,,,,,,,,,,,,,,,,,,,,,43.2,,,,,,44.3,,50.3,,